phase,iteration,churned,generation,input_target,input_validation,output_target,output_validation,visited_chunks,elapsed_us,candidate_bytes,deep_arrival,reached_end,valid
mutation,0,1,500009,288002048,0,288002048,39202736,136121,10001.004,0,0,0,1
mutation,1,1,500011,288002048,0,288002048,52121264,180977,10000.721,0,0,0,1
mutation,2,1,500013,288002048,0,288002048,54041648,187645,10000.741,0,0,0,1
mutation,3,1,500015,288002048,0,288002048,56058752,194648,10000.725,0,0,0,1
mutation,4,1,500017,288002048,0,288002048,57506864,199677,10000.741,0,0,0,1
mutation,5,1,500019,288002048,0,288002048,58068464,201627,10000.745,0,0,0,1
mutation,6,1,500021,288002048,0,288002048,58931264,204622,10000.696,0,0,0,1
mutation,7,1,500023,288002048,0,288002048,59139824,205347,10000.722,0,0,0,1
mutation,8,1,500025,288002048,0,288002048,59297648,205895,10000.710,0,0,0,1
mutation,9,1,500027,288002048,0,288002048,59799344,207637,10000.778,0,0,0,1
mutation,10,1,500029,288002048,0,288002048,59898992,207983,10000.779,0,0,0,1
mutation,11,1,500031,288002048,0,288002048,60018800,208399,10000.836,0,0,0,1
mutation,12,1,500033,288002048,0,288002048,59904752,208003,10000.735,0,0,0,1
mutation,13,1,500035,288002048,0,288002048,60094832,208663,10000.718,0,0,0,1
mutation,14,1,500037,288002048,0,288002048,60036080,208459,10000.716,0,0,0,1
mutation,15,1,500039,288002048,0,288002048,60117296,208741,10000.720,0,0,0,1
mutation,16,1,500041,288002048,0,288002048,60070592,208578,10000.719,0,0,0,1
mutation,17,1,500043,288002048,0,288002048,59998592,208328,10000.734,0,0,0,1
mutation,18,1,500045,288002048,0,288002048,60172016,208931,10000.691,0,0,0,1
mutation,19,1,500047,288002048,0,288002048,60102848,208690,10000.728,0,0,0,1
mutation,20,1,500049,288002048,0,288002048,59943344,208137,10000.771,0,0,0,1
mutation,21,1,500051,288002048,0,288002048,59955440,208179,10000.751,0,0,0,1
mutation,22,1,500053,288002048,0,288002048,60134576,208801,10000.744,0,0,0,1
mutation,23,1,500055,288002048,0,288002048,60117872,208743,10000.736,0,0,0,1
mutation,24,1,500057,288002048,0,288002048,60168560,208919,10000.747,0,0,0,1
mutation,25,1,500059,288002048,0,288002048,60172592,208933,10000.744,0,0,0,1
mutation,26,1,500061,288002048,0,288002048,60180656,208961,10000.809,0,0,0,1
mutation,27,1,500063,288002048,0,288002048,60161072,208893,10000.704,0,0,0,1
mutation,28,1,500065,288002048,0,288002048,60160496,208891,10000.740,0,0,0,1
mutation,29,1,500067,288002048,0,288002048,60125360,208769,10000.694,0,0,0,1
mutation,30,1,500069,288002048,0,288002048,60128192,208778,10000.718,0,0,0,1
mutation,31,1,500071,288002048,0,288002048,60193904,209007,10000.756,0,0,0,1
mutation,32,1,500073,288002048,0,288002048,60198512,209023,10000.784,0,0,0,1
mutation,33,1,500075,288002048,0,288002048,60207152,209053,10000.795,0,0,0,1
mutation,34,1,500077,288002048,0,288002048,60163952,208903,10000.722,0,0,0,1
mutation,35,1,500079,288002048,0,288002048,60072944,208587,10000.738,0,0,0,1
mutation,36,1,500081,288002048,0,288002048,60226736,209121,10000.736,0,0,0,1
mutation,37,1,500083,288002048,0,288002048,60246320,209189,10000.840,0,0,0,1
mutation,38,1,500085,288002048,0,288002048,60165056,208906,10000.723,0,0,0,1
mutation,39,1,500087,288002048,0,288002048,60245744,209187,10000.735,0,0,0,1
mutation,40,1,500089,288002048,0,288002048,60585584,210367,10000.840,0,0,0,1
mutation,41,1,500091,288002048,0,288002048,60047600,208499,10000.722,0,0,0,1
mutation,42,1,500093,288002048,0,288002048,60130496,208786,10000.718,0,0,0,1
mutation,43,1,500095,288002048,0,288002048,60190976,208996,10000.714,0,0,0,1
mutation,44,1,500097,288002048,0,288002048,60222704,209107,10000.736,0,0,0,1
mutation,45,1,500099,288002048,0,288002048,60113264,208727,10000.823,0,0,0,1
mutation,46,1,500101,288002048,0,288002048,60171392,208928,10000.703,0,0,0,1
mutation,47,1,500103,288002048,0,288002048,60112640,208724,10000.712,0,0,0,1
mutation,48,1,500105,288002048,0,288002048,60260720,209239,10000.757,0,0,0,1
mutation,49,1,500107,288002048,0,288002048,60135728,208805,10000.711,0,0,0,1
mutation,50,1,500109,288002048,0,288002048,60164528,208905,10000.737,0,0,0,1
mutation,51,1,500111,288002048,0,288002048,60129920,208784,10000.719,0,0,0,1
mutation,52,1,500113,288002048,0,288002048,60138608,208815,10000.763,0,0,0,1
mutation,53,1,500115,288002048,0,288002048,60166256,208911,10000.753,0,0,0,1
mutation,54,1,500117,288002048,0,288002048,60158720,208884,10000.724,0,0,0,1
mutation,55,1,500119,288002048,0,288002048,60197360,209019,10000.715,0,0,0,1
mutation,56,1,500121,288002048,0,288002048,59604080,206959,10000.729,0,0,0,1
mutation,57,1,500123,288002048,0,288002048,60134000,208799,10000.733,0,0,0,1
mutation,58,1,500125,288002048,0,288002048,60224384,209112,10000.714,0,0,0,1
mutation,59,1,500127,288002048,0,288002048,60004928,208350,10000.715,0,0,0,1
mutation,60,1,500129,288002048,0,288002048,60184064,208972,10000.717,0,0,0,1
mutation,61,1,500131,288002048,0,288002048,60086192,208633,10000.732,0,0,0,1
mutation,62,1,500133,288002048,0,288002048,60164528,208905,10000.737,0,0,0,1
mutation,63,1,500135,288002048,0,288002048,60113264,208727,10000.751,0,0,0,1
mutation,64,1,500137,288002048,0,288002048,60096512,208668,10000.722,0,0,0,1
mutation,65,1,500139,288002048,0,288002048,59913392,208033,10000.742,0,0,0,1
mutation,66,1,500141,288002048,0,288002048,60212912,209073,10000.733,0,0,0,1
mutation,67,1,500143,288002048,0,288002048,60138560,208814,10000.710,0,0,0,1
mutation,68,1,500145,288002048,0,288002048,60162224,208897,10000.714,0,0,0,1
mutation,69,1,500147,288002048,0,288002048,60230192,209133,10000.741,0,0,0,1
mutation,70,1,500149,288002048,0,288002048,60137408,208810,10000.704,0,0,0,1
mutation,71,1,500151,288002048,0,288002048,60229040,209129,10000.747,0,0,0,1
mutation,72,1,500153,288002048,0,288002048,59894384,207967,10000.723,0,0,0,1
mutation,73,1,500155,288002048,0,288002048,60140336,208821,10000.715,0,0,0,1
mutation,74,1,500157,288002048,0,288002048,60185840,208979,10000.738,0,0,0,1
mutation,75,1,500159,288002048,0,288002048,60175472,208943,10000.723,0,0,0,1
mutation,76,1,500161,288002048,0,288002048,59824112,207723,10000.708,0,0,0,1
mutation,77,1,500163,288002048,0,288002048,59875376,207901,10001.150,0,0,0,1
mutation,78,1,500165,288002048,0,288002048,60147824,208847,10000.736,0,0,0,1
mutation,79,1,500167,288002048,0,288002048,60068336,208571,10000.764,0,0,0,1
mutation,80,1,500169,288002048,0,288002048,60157568,208880,10000.729,0,0,0,1
mutation,81,1,500171,288002048,0,288002048,60161648,208895,10000.721,0,0,0,1
mutation,82,1,500173,288002048,0,288002048,60130496,208786,10000.709,0,0,0,1
mutation,83,1,500175,288002048,0,288002048,60140912,208823,10000.755,0,0,0,1
mutation,84,1,500177,288002048,0,288002048,60175472,208943,10000.696,0,0,0,1
mutation,85,1,500179,288002048,0,288002048,60211712,209068,10000.702,0,0,0,1
mutation,86,1,500181,288002048,0,288002048,59684144,207237,10000.752,0,0,0,1
mutation,87,1,500183,288002048,0,288002048,59635760,207069,10000.737,0,0,0,1
mutation,88,1,500185,288002048,0,288002048,59903600,207999,10000.741,0,0,0,1
mutation,89,1,500187,288002048,0,288002048,60102320,208689,10000.743,0,0,0,1
mutation,90,1,500189,288002048,0,288002048,60213488,209075,10000.733,0,0,0,1
mutation,91,1,500191,288002048,0,288002048,60219248,209095,10000.722,0,0,0,1
mutation,92,1,500193,288002048,0,288002048,60167984,208917,10000.720,0,0,0,1
mutation,93,1,500195,288002048,0,288002048,60093056,208656,10000.733,0,0,0,1
mutation,94,1,500197,288002048,0,288002048,59899520,207984,10000.716,0,0,0,1
mutation,95,1,500199,288002048,0,288002048,59922032,208063,10000.765,0,0,0,1
mutation,96,1,500201,288002048,0,288002048,60153584,208867,10000.750,0,0,0,1
mutation,97,1,500203,288002048,0,288002048,60224432,209113,10000.750,0,0,0,1
mutation,98,1,500205,288002048,0,288002048,60155264,208872,10000.731,0,0,0,1
mutation,99,1,500207,288002048,0,288002048,60153008,208865,10000.749,0,0,0,1
mutation,100,1,500209,288002048,0,288002048,60252080,209209,10000.812,0,0,0,1
mutation,101,1,500211,288002048,0,288002048,60195056,209011,10000.760,0,0,0,1
mutation,102,1,500213,288002048,0,288002048,60215216,209081,10000.754,0,0,0,1
mutation,103,1,500215,288002048,0,288002048,60123632,208763,10000.758,0,0,0,1
mutation,104,1,500217,288002048,0,288002048,60171968,208930,10000.682,0,0,0,1
mutation,105,1,500219,288002048,0,288002048,60189296,208991,10000.719,0,0,0,1
mutation,106,1,500221,288002048,0,288002048,60179504,208957,10000.712,0,0,0,1
mutation,107,1,500223,288002048,0,288002048,60137408,208810,10000.728,0,0,0,1
mutation,108,1,500225,288002048,0,288002048,60110336,208716,10000.728,0,0,0,1
mutation,109,1,500227,288002048,0,288002048,60186992,208983,10000.720,0,0,0,1
mutation,110,1,500229,288002048,0,288002048,60191600,208999,10000.727,0,0,0,1
mutation,111,1,500231,288002048,0,288002048,60154160,208869,10000.747,0,0,0,1
mutation,112,1,500233,288002048,0,288002048,60124208,208765,10000.741,0,0,0,1
mutation,113,1,500235,288002048,0,288002048,60244016,209181,10000.767,0,0,0,1
mutation,114,1,500237,288002048,0,288002048,60060272,208543,10000.717,0,0,0,1
mutation,115,1,500239,288002048,0,288002048,60131120,208789,10000.737,0,0,0,1
mutation,116,1,500241,288002048,0,288002048,60110384,208717,10000.723,0,0,0,1
mutation,117,1,500243,288002048,0,288002048,60219200,209094,10000.704,0,0,0,1
mutation,118,1,500245,288002048,0,288002048,60096560,208669,10000.777,0,0,0,1
mutation,119,1,500247,288002048,0,288002048,60091376,208651,10000.694,0,0,0,1
mutation,120,1,500249,288002048,0,288002048,60192128,209000,10000.711,0,0,0,1
mutation,121,1,500251,288002048,0,288002048,60040112,208473,10000.758,0,0,0,1
mutation,122,1,500253,288002048,0,288002048,60046976,208496,10000.700,0,0,0,1
mutation,123,1,500255,288002048,0,288002048,60123584,208762,10000.725,0,0,0,1
mutation,124,1,500257,288002048,0,288002048,60204800,209044,10000.726,0,0,0,1
mutation,125,1,500259,288002048,0,288002048,60235376,209151,10000.757,0,0,0,1
mutation,126,1,500261,288002048,0,288002048,60021632,208408,10000.715,0,0,0,1
mutation,127,1,500263,288002048,0,288002048,60097136,208671,10000.735,0,0,0,1
mutation,128,1,500265,288002048,0,288002048,60199088,209025,10000.778,0,0,0,1
mutation,129,1,500267,288002048,0,288002048,60215168,209080,10000.701,0,0,0,1
mutation,130,1,500269,288002048,0,288002048,60118448,208745,10000.726,0,0,0,1
mutation,131,1,500271,288002048,0,288002048,60180656,208961,10000.720,0,0,0,1
mutation,132,1,500273,288002048,0,288002048,60218672,209093,10000.713,0,0,0,1
mutation,133,1,500275,288002048,0,288002048,60148400,208849,10000.738,0,0,0,1
mutation,134,1,500277,288002048,0,288002048,60063728,208555,10000.744,0,0,0,1
mutation,135,1,500279,288002048,0,288002048,60219248,209095,10000.723,0,0,0,1
mutation,136,1,500281,288002048,0,288002048,59990000,208299,10000.729,0,0,0,1
mutation,137,1,500283,288002048,0,288002048,59724992,207378,10000.677,0,0,0,1
mutation,138,1,500285,288002048,0,288002048,59982512,208273,10000.699,0,0,0,1
mutation,139,1,500287,288002048,0,288002048,59973872,208243,10000.710,0,0,0,1
mutation,140,1,500289,288002048,0,288002048,59919152,208053,10000.717,0,0,0,1
mutation,141,1,500291,288002048,0,288002048,59921456,208061,10000.678,0,0,0,1
mutation,142,1,500293,288002048,0,288002048,60248624,209197,10000.748,0,0,0,1
mutation,143,1,500295,288002048,0,288002048,60058544,208537,10000.642,0,0,0,1
mutation,144,1,500297,288002048,0,288002048,60207728,209055,10000.656,0,0,0,1
mutation,145,1,500299,288002048,0,288002048,60078704,208607,10000.704,0,0,0,1
mutation,146,1,500301,288002048,0,288002048,59992304,208307,10000.706,0,0,0,1
mutation,147,1,500303,288002048,0,288002048,60097712,208673,10000.696,0,0,0,1
mutation,148,1,500305,288002048,0,288002048,60237632,209158,10000.692,0,0,0,1
mutation,149,1,500307,288002048,0,288002048,60020480,208404,10000.724,0,0,0,1
mutation,150,1,500309,288002048,0,288002048,60263024,209247,10000.742,0,0,0,1
mutation,151,1,500311,288002048,0,288002048,60055040,208524,10000.703,0,0,0,1
mutation,152,1,500313,288002048,0,288002048,60197936,209021,10000.740,0,0,0,1
mutation,153,1,500315,288002048,0,288002048,60262448,209245,10000.757,0,0,0,1
mutation,154,1,500317,288002048,0,288002048,60203696,209041,10000.739,0,0,0,1
mutation,155,1,500319,288002048,0,288002048,60108032,208708,10000.727,0,0,0,1
mutation,156,1,500321,288002048,0,288002048,60100544,208682,10000.723,0,0,0,1
mutation,157,1,500323,288002048,0,288002048,60205424,209047,10000.713,0,0,0,1
mutation,158,1,500325,288002048,0,288002048,60192752,209003,10000.736,0,0,0,1
mutation,159,1,500327,288002048,0,288002048,60250352,209203,10000.720,0,0,0,1
mutation,160,1,500329,288002048,0,288002048,60180080,208959,10000.739,0,0,0,1
mutation,161,1,500331,288002048,0,288002048,60262400,209244,10000.728,0,0,0,1
mutation,162,1,500333,288002048,0,288002048,60202544,209037,10000.746,0,0,0,1
mutation,163,1,500335,288002048,0,288002048,60233648,209145,10000.722,0,0,0,1
mutation,164,1,500337,288002048,0,288002048,60199664,209027,10000.704,0,0,0,1
mutation,165,1,500339,288002048,0,288002048,60241136,209171,10000.734,0,0,0,1
mutation,166,1,500341,288002048,0,288002048,60124208,208765,10000.709,0,0,0,1
mutation,167,1,500343,288002048,0,288002048,60126512,208773,10000.747,0,0,0,1
mutation,168,1,500345,288002048,0,288002048,60108656,208711,10000.720,0,0,0,1
mutation,169,1,500347,288002048,0,288002048,60095984,208667,10000.722,0,0,0,1
mutation,170,1,500349,288002048,0,288002048,60131120,208789,10000.719,0,0,0,1
mutation,171,1,500351,288002048,0,288002048,60135680,208804,10000.725,0,0,0,1
mutation,172,1,500353,288002048,0,288002048,60088496,208641,10000.764,0,0,0,1
mutation,173,1,500355,288002048,0,288002048,60113840,208729,10000.728,0,0,0,1
mutation,174,1,500357,288002048,0,288002048,60053888,208520,10000.727,0,0,0,1
mutation,175,1,500359,288002048,0,288002048,60177728,208950,10000.748,0,0,0,1
mutation,176,1,500361,288002048,0,288002048,59908208,208015,10000.775,0,0,0,1
mutation,177,1,500363,288002048,0,288002048,60238832,209163,10001.056,0,0,0,1
mutation,178,1,500365,288002048,0,288002048,60254912,209218,10000.721,0,0,0,1
mutation,179,1,500367,288002048,0,288002048,59904752,208003,10000.765,0,0,0,1
mutation,180,1,500369,288002048,0,288002048,60069488,208575,10000.730,0,0,0,1
mutation,181,1,500371,288002048,0,288002048,60114944,208732,10000.700,0,0,0,1
mutation,182,1,500373,288002048,0,288002048,60146096,208841,10000.729,0,0,0,1
mutation,183,1,500375,288002048,0,288002048,60070064,208577,10000.711,0,0,0,1
mutation,184,1,500377,288002048,0,288002048,60136304,208807,10000.697,0,0,0,1
mutation,185,1,500379,288002048,0,288002048,60148400,208849,10000.752,0,0,0,1
mutation,186,1,500381,288002048,0,288002048,60052208,208515,10000.741,0,0,0,1
mutation,187,1,500383,288002048,0,288002048,60184688,208975,10000.737,0,0,0,1
mutation,188,1,500385,288002048,0,288002048,60280832,209308,10000.734,0,0,0,1
mutation,189,1,500387,288002048,0,288002048,60171968,208930,10000.752,0,0,0,1
mutation,190,1,500389,288002048,0,288002048,60144320,208834,10000.704,0,0,0,1
mutation,191,1,500391,288002048,0,288002048,60117296,208741,10000.730,0,0,0,1
mutation,192,1,500393,288002048,0,288002048,60221504,209102,10000.712,0,0,0,1
mutation,193,1,500395,288002048,0,288002048,60123584,208762,10000.714,0,0,0,1
mutation,194,1,500397,288002048,0,288002048,60253808,209215,10000.699,0,0,0,1
mutation,195,1,500399,288002048,0,288002048,60158768,208885,10000.763,0,0,0,1
mutation,196,1,500401,288002048,0,288002048,60123008,208760,10000.722,0,0,0,1
mutation,197,1,500403,288002048,0,288002048,60165680,208909,10000.721,0,0,0,1
mutation,198,1,500405,288002048,0,288002048,60235328,209150,10000.722,0,0,0,1
mutation,199,1,500407,288002048,0,288002048,60101744,208687,10000.709,0,0,0,1
mutation,200,1,500409,288002048,0,288002048,60204848,209045,10000.734,0,0,0,1
mutation,201,1,500411,288002048,0,288002048,59994608,208315,10000.707,0,0,0,1
mutation,202,1,500413,288002048,0,288002048,60136832,208808,10000.721,0,0,0,1
mutation,203,1,500415,288002048,0,288002048,60216368,209085,10000.717,0,0,0,1
mutation,204,1,500417,288002048,0,288002048,60193280,209004,10000.701,0,0,0,1
mutation,205,1,500419,288002048,0,288002048,59916272,208043,10000.754,0,0,0,1
mutation,206,1,500421,288002048,0,288002048,59899520,207984,10000.716,0,0,0,1
mutation,207,1,500423,288002048,0,288002048,60739904,210902,10000.748,0,0,0,1
mutation,208,1,500425,288002048,0,288002048,60160496,208891,10000.721,0,0,0,1
mutation,209,1,500427,288002048,0,288002048,60123632,208763,10000.730,0,0,0,1
mutation,210,1,500429,288002048,0,288002048,59776304,207557,10000.710,0,0,0,1
mutation,211,1,500431,288002048,0,288002048,60193328,209005,10000.725,0,0,0,1
mutation,212,1,500433,288002048,0,288002048,60179504,208957,10000.722,0,0,0,1
mutation,213,1,500435,288002048,0,288002048,60200240,209029,10000.737,0,0,0,1
mutation,214,1,500437,288002048,0,288002048,60191552,208998,10000.736,0,0,0,1
mutation,215,1,500439,288002048,0,288002048,60200768,209030,10000.724,0,0,0,1
mutation,216,1,500441,288002048,0,288002048,60215216,209081,10000.731,0,0,0,1
mutation,217,1,500443,288002048,0,288002048,60099440,208679,10000.745,0,0,0,1
mutation,218,1,500445,288002048,0,288002048,60216944,209087,10000.700,0,0,0,1
mutation,219,1,500447,288002048,0,288002048,60151280,208859,10000.752,0,0,0,1
mutation,220,1,500449,288002048,0,288002048,60116144,208737,10000.761,0,0,0,1
mutation,221,1,500451,288002048,0,288002048,60081584,208617,10000.750,0,0,0,1
mutation,222,1,500453,288002048,0,288002048,60029744,208437,10000.751,0,0,0,1
mutation,223,1,500455,288002048,0,288002048,60195056,209011,10000.768,0,0,0,1
mutation,224,1,500457,288002048,0,288002048,60081008,208615,10000.705,0,0,0,1
mutation,225,1,500459,288002048,0,288002048,60087872,208638,10000.734,0,0,0,1
mutation,226,1,500461,288002048,0,288002048,60174272,208938,10000.702,0,0,0,1
mutation,227,1,500463,288002048,0,288002048,60113264,208727,10000.777,0,0,0,1
mutation,228,1,500465,288002048,0,288002048,60234176,209146,10000.721,0,0,0,1
mutation,229,1,500467,288002048,0,288002048,60154112,208868,10000.631,0,0,0,1
mutation,230,1,500469,288002048,0,288002048,59849456,207811,10000.723,0,0,0,1
mutation,231,1,500471,288002048,0,288002048,60205424,209047,10000.735,0,0,0,1
mutation,232,1,500473,288002048,0,288002048,60148352,208848,10000.719,0,0,0,1
mutation,233,1,500475,288002048,0,288002048,60219824,209097,10000.722,0,0,0,1
mutation,234,1,500477,288002048,0,288002048,60177152,208948,10000.700,0,0,0,1
mutation,235,1,500479,288002048,0,288002048,60141488,208825,10000.723,0,0,0,1
mutation,236,1,500481,288002048,0,288002048,60154112,208868,10000.734,0,0,0,1
mutation,237,1,500483,288002048,0,288002048,60014768,208385,10000.711,0,0,0,1
mutation,238,1,500485,288002048,0,288002048,59980784,208267,10000.737,0,0,0,1
mutation,239,1,500487,288002048,0,288002048,59929520,208089,10000.743,0,0,0,1
mutation,240,1,500489,288002048,0,288002048,60153584,208867,10000.742,0,0,0,1
mutation,241,1,500491,288002048,0,288002048,60143216,208831,10000.711,0,0,0,1
mutation,242,1,500493,288002048,0,288002048,60189296,208991,10000.754,0,0,0,1
mutation,243,1,500495,288002048,0,288002048,60199664,209027,10000.750,0,0,0,1
mutation,244,1,500497,288002048,0,288002048,60120128,208750,10000.709,0,0,0,1
mutation,245,1,500499,288002048,0,288002048,60060848,208545,10000.699,0,0,0,1
mutation,246,1,500501,288002048,0,288002048,60172592,208933,10000.721,0,0,0,1
mutation,247,1,500503,288002048,0,288002048,60142592,208828,10000.704,0,0,0,1
mutation,248,1,500505,288002048,0,288002048,60142064,208827,10000.759,0,0,0,1
mutation,249,1,500507,288002048,0,288002048,59968688,208225,10000.754,0,0,0,1
mutation,250,1,500509,288002048,0,288002048,60174848,208940,10000.735,0,0,0,1
mutation,251,1,500511,288002048,0,288002048,60148400,208849,10000.712,0,0,0,1
mutation,252,1,500513,288002048,0,288002048,60215168,209080,10000.728,0,0,0,1
mutation,253,1,500515,288002048,0,288002048,59958848,208190,10000.724,0,0,0,1
mutation,254,1,500517,288002048,0,288002048,59707184,207317,10000.714,0,0,0,1
mutation,255,1,500519,288002048,0,288002048,60122480,208759,10000.764,0,0,0,1
mutation,256,1,500521,288002048,0,288002048,59920832,208058,10001.398,0,0,0,1
mutation,257,1,500523,288002048,0,288002048,60188144,208987,10000.722,0,0,0,1
mutation,258,1,500525,288002048,0,288002048,60161648,208895,10000.747,0,0,0,1
mutation,259,1,500527,288002048,0,288002048,59938736,208121,10000.736,0,0,0,1
mutation,260,1,500529,288002048,0,288002048,60136304,208807,10000.730,0,0,0,1
mutation,261,1,500531,288002048,0,288002048,59792432,207613,10000.695,0,0,0,1
mutation,262,1,500533,288002048,0,288002048,60180608,208960,10000.726,0,0,0,1
mutation,263,1,500535,288002048,0,288002048,60114368,208730,10000.719,0,0,0,1
mutation,264,1,500537,288002048,0,288002048,60142016,208826,10000.717,0,0,0,1
mutation,265,1,500539,288002048,0,288002048,60159920,208889,10000.725,0,0,0,1
mutation,266,1,500541,288002048,0,288002048,60173168,208935,10000.729,0,0,0,1
mutation,267,1,500543,288002048,0,288002048,60132272,208793,10000.727,0,0,0,1
mutation,268,1,500545,288002048,0,288002048,60050480,208509,10000.744,0,0,0,1
mutation,269,1,500547,288002048,0,288002048,60187568,208985,10000.714,0,0,0,1
mutation,270,1,500549,288002048,0,288002048,60255488,209220,10000.722,0,0,0,1
mutation,271,1,500551,288002048,0,288002048,60231920,209139,10000.772,0,0,0,1
mutation,272,1,500553,288002048,0,288002048,60041264,208477,10000.721,0,0,0,1
mutation,273,1,500555,288002048,0,288002048,60157616,208881,10000.716,0,0,0,1
mutation,274,1,500557,288002048,0,288002048,60116720,208739,10000.710,0,0,0,1
mutation,275,1,500559,288002048,0,288002048,60156416,208876,10000.717,0,0,0,1
mutation,276,1,500561,288002048,0,288002048,60120752,208753,10000.723,0,0,0,1
mutation,277,1,500563,288002048,0,288002048,60233600,209144,10001.038,0,0,0,1
mutation,278,1,500565,288002048,0,288002048,60207104,209052,10000.752,0,0,0,1
mutation,279,1,500567,288002048,0,288002048,59749808,207465,10000.691,0,0,0,1
mutation,280,1,500569,288002048,0,288002048,59977904,208257,10000.701,0,0,0,1
mutation,281,1,500571,288002048,0,288002048,60234800,209149,10000.702,0,0,0,1
mutation,282,1,500573,288002048,0,288002048,60165104,208907,10000.677,0,0,0,1
mutation,283,1,500575,288002048,0,288002048,60215744,209082,10000.690,0,0,0,1
mutation,284,1,500577,288002048,0,288002048,60157616,208881,10000.719,0,0,0,1
mutation,285,1,500579,288002048,0,288002048,59952560,208169,10000.722,0,0,0,1
mutation,286,1,500581,288002048,0,288002048,60191024,208997,10000.750,0,0,0,1
mutation,287,1,500583,288002048,0,288002048,60169088,208920,10000.669,0,0,0,1
mutation,288,1,500585,288002048,0,288002048,60045248,208490,10000.696,0,0,0,1
mutation,289,1,500587,288002048,0,288002048,60156464,208877,10000.715,0,0,0,1
mutation,290,1,500589,288002048,0,288002048,60134528,208800,10000.714,0,0,0,1
mutation,291,1,500591,288002048,0,288002048,60267632,209263,10000.696,0,0,0,1
mutation,292,1,500593,288002048,0,288002048,60078704,208607,10000.675,0,0,0,1
mutation,293,1,500595,288002048,0,288002048,60143168,208830,10000.685,0,0,0,1
mutation,294,1,500597,288002048,0,288002048,60118400,208744,10000.725,0,0,0,1
mutation,295,1,500599,288002048,0,288002048,60101744,208687,10000.677,0,0,0,1
mutation,296,1,500601,288002048,0,288002048,60065456,208561,10000.661,0,0,0,1
mutation,297,1,500603,288002048,0,288002048,60191552,208998,10000.671,0,0,0,1
mutation,298,1,500605,288002048,0,288002048,60184112,208973,10000.700,0,0,0,1
mutation,299,1,500607,288002048,0,288002048,60133376,208796,10000.705,0,0,0,1
mutation,300,1,500609,288002048,0,288002048,60164528,208905,10000.694,0,0,0,1
mutation,301,1,500611,288002048,0,288002048,60132224,208792,10000.695,0,0,0,1
mutation,302,1,500613,288002048,0,288002048,60084992,208628,10000.678,0,0,0,1
mutation,303,1,500615,288002048,0,288002048,60192176,209001,10000.694,0,0,0,1
mutation,304,1,500617,288002048,0,288002048,60256112,209223,10000.800,0,0,0,1
mutation,305,1,500619,288002048,0,288002048,60196208,209015,10000.712,0,0,0,1
mutation,306,1,500621,288002048,0,288002048,60135728,208805,10000.681,0,0,0,1
mutation,307,1,500623,288002048,0,288002048,60053936,208521,10000.692,0,0,0,1
mutation,308,1,500625,288002048,0,288002048,60133952,208798,10000.673,0,0,0,1
mutation,309,1,500627,288002048,0,288002048,60152432,208863,10000.702,0,0,0,1
mutation,310,1,500629,288002048,0,288002048,60102896,208691,10000.716,0,0,0,1
mutation,311,1,500631,288002048,0,288002048,60096560,208669,10000.731,0,0,0,1
mutation,312,1,500633,288002048,0,288002048,60173696,208936,10000.674,0,0,0,1
mutation,313,1,500635,288002048,0,288002048,60050432,208508,10000.696,0,0,0,1
mutation,314,1,500637,288002048,0,288002048,60117296,208741,10000.756,0,0,0,1
mutation,315,1,500639,288002048,0,288002048,60172592,208933,10000.728,0,0,0,1
mutation,316,1,500641,288002048,0,288002048,60207104,209052,10000.704,0,0,0,1
mutation,317,1,500643,288002048,0,288002048,60154688,208870,10000.672,0,0,0,1
mutation,318,1,500645,288002048,0,288002048,60163904,208902,10000.685,0,0,0,1
mutation,319,1,500647,288002048,0,288002048,60035456,208456,10000.681,0,0,0,1
mutation,320,1,500649,288002048,0,288002048,59968112,208223,10000.672,0,0,0,1
mutation,321,1,500651,288002048,0,288002048,60130544,208787,10000.723,0,0,0,1
mutation,322,1,500653,288002048,0,288002048,60137456,208811,10000.732,0,0,0,1
mutation,323,1,500655,288002048,0,288002048,60144320,208834,10000.708,0,0,0,1
mutation,324,1,500657,288002048,0,288002048,59999792,208333,10000.709,0,0,0,1
mutation,325,1,500659,288002048,0,288002048,60158144,208882,10000.627,0,0,0,1
mutation,326,1,500661,288002048,0,288002048,60117296,208741,10000.755,0,0,0,1
mutation,327,1,500663,288002048,0,288002048,60185216,208976,10000.689,0,0,0,1
mutation,328,1,500665,288002048,0,288002048,60204800,209044,10000.700,0,0,0,1
mutation,329,1,500667,288002048,0,288002048,60190448,208995,10000.731,0,0,0,1
mutation,330,1,500669,288002048,0,288002048,60120704,208752,10000.690,0,0,0,1
mutation,331,1,500671,288002048,0,288002048,60143216,208831,10000.718,0,0,0,1
mutation,332,1,500673,288002048,0,288002048,60072944,208587,10000.695,0,0,0,1
mutation,333,1,500675,288002048,0,288002048,60188672,208988,10000.696,0,0,0,1
mutation,334,1,500677,288002048,0,288002048,60053312,208518,10000.698,0,0,0,1
mutation,335,1,500679,288002048,0,288002048,60186992,208983,10000.695,0,0,0,1
mutation,336,1,500681,288002048,0,288002048,60166208,208910,10000.704,0,0,0,1
mutation,337,1,500683,288002048,0,288002048,60244016,209181,10000.731,0,0,0,1
mutation,338,1,500685,288002048,0,288002048,60105776,208701,10000.687,0,0,0,1
mutation,339,1,500687,288002048,0,288002048,60208880,209059,10000.721,0,0,0,1
mutation,340,1,500689,288002048,0,288002048,60144368,208835,10000.688,0,0,0,1
mutation,341,1,500691,288002048,0,288002048,60123584,208762,10000.689,0,0,0,1
mutation,342,1,500693,288002048,0,288002048,60141488,208825,10000.713,0,0,0,1
mutation,343,1,500695,288002048,0,288002048,60105728,208700,10000.704,0,0,0,1
mutation,344,1,500697,288002048,0,288002048,60203120,209039,10000.678,0,0,0,1
mutation,345,1,500699,288002048,0,288002048,60095408,208665,10000.692,0,0,0,1
mutation,346,1,500701,288002048,0,288002048,60228464,209127,10000.721,0,0,0,1
mutation,347,1,500703,288002048,0,288002048,60183536,208971,10000.710,0,0,0,1
mutation,348,1,500705,288002048,0,288002048,60185840,208979,10000.707,0,0,0,1
mutation,349,1,500707,288002048,0,288002048,60242288,209175,10000.673,0,0,0,1
mutation,350,1,500709,288002048,0,288002048,60068912,208573,10000.707,0,0,0,1
mutation,351,1,500711,288002048,0,288002048,59922032,208063,10000.744,0,0,0,1
mutation,352,1,500713,288002048,0,288002048,60064304,208557,10000.764,0,0,0,1
mutation,353,1,500715,288002048,0,288002048,60127040,208774,10000.701,0,0,0,1
mutation,354,1,500717,288002048,0,288002048,60269360,209269,10000.683,0,0,0,1
mutation,355,1,500719,288002048,0,288002048,60180080,208959,10000.665,0,0,0,1
mutation,356,1,500721,288002048,0,288002048,60089024,208642,10000.681,0,0,0,1
mutation,357,1,500723,288002048,0,288002048,60150128,208855,10000.668,0,0,0,1
mutation,358,1,500725,288002048,0,288002048,60005504,208352,10000.698,0,0,0,1
mutation,359,1,500727,288002048,0,288002048,60113792,208728,10000.695,0,0,0,1
mutation,360,1,500729,288002048,0,288002048,60196784,209017,10000.677,0,0,0,1
mutation,361,1,500731,288002048,0,288002048,60193904,209007,10000.689,0,0,0,1
mutation,362,1,500733,288002048,0,288002048,60128816,208781,10000.704,0,0,0,1
mutation,363,1,500735,288002048,0,288002048,60227888,209125,10000.762,0,0,0,1
mutation,364,1,500737,288002048,0,288002048,60148976,208851,10000.687,0,0,0,1
mutation,365,1,500739,288002048,0,288002048,60108080,208709,10000.687,0,0,0,1
mutation,366,1,500741,288002048,0,288002048,60125360,208769,10000.761,0,0,0,1
mutation,367,1,500743,288002048,0,288002048,60176000,208944,10000.692,0,0,0,1
mutation,368,1,500745,288002048,0,288002048,60226736,209121,10000.679,0,0,0,1
mutation,369,1,500747,288002048,0,288002048,60085616,208631,10000.704,0,0,0,1
mutation,370,1,500749,288002048,0,288002048,60109232,208713,10000.705,0,0,0,1
mutation,371,1,500751,288002048,0,288002048,60184688,208975,10000.693,0,0,0,1
mutation,372,1,500753,288002048,0,288002048,60154736,208871,10000.706,0,0,0,1
mutation,373,1,500755,288002048,0,288002048,60118448,208745,10000.701,0,0,0,1
mutation,374,1,500757,288002048,0,288002048,60146096,208841,10000.702,0,0,0,1
mutation,375,1,500759,288002048,0,288002048,60150656,208856,10000.700,0,0,0,1
mutation,376,1,500761,288002048,0,288002048,60070592,208578,10000.692,0,0,0,1
mutation,377,1,500763,288002048,0,288002048,60105776,208701,10000.684,0,0,0,1
mutation,378,1,500765,288002048,0,288002048,60157568,208880,10001.595,0,0,0,1
mutation,379,1,500767,288002048,0,288002048,59991152,208303,10000.679,0,0,0,1
mutation,380,1,500769,288002048,0,288002048,60205424,209047,10000.691,0,0,0,1
mutation,381,1,500771,288002048,0,288002048,60091904,208652,10000.706,0,0,0,1
mutation,382,1,500773,288002048,0,288002048,60130496,208786,10000.690,0,0,0,1
mutation,383,1,500775,288002048,0,288002048,60176048,208945,10000.654,0,0,0,1
mutation,384,1,500777,288002048,0,288002048,60200240,209029,10000.704,0,0,0,1
mutation,385,1,500779,288002048,0,288002048,60226736,209121,10000.688,0,0,0,1
mutation,386,1,500781,288002048,0,288002048,60204224,209042,10000.690,0,0,0,1
mutation,387,1,500783,288002048,0,288002048,60211760,209069,10000.749,0,0,0,1
mutation,388,1,500785,288002048,0,288002048,60199664,209027,10000.710,0,0,0,1
mutation,389,1,500787,288002048,0,288002048,60039536,208471,10000.768,0,0,0,1
mutation,390,1,500789,288002048,0,288002048,60194480,209009,10000.722,0,0,0,1
mutation,391,1,500791,288002048,0,288002048,60143216,208831,10000.718,0,0,0,1
mutation,392,1,500793,288002048,0,288002048,60219200,209094,10000.691,0,0,0,1
mutation,393,1,500795,288002048,0,288002048,60142016,208826,10000.684,0,0,0,1
mutation,394,1,500797,288002048,0,288002048,60151856,208861,10000.672,0,0,0,1
mutation,395,1,500799,288002048,0,288002048,60064304,208557,10000.672,0,0,0,1
mutation,396,1,500801,288002048,0,288002048,60201968,209035,10000.692,0,0,0,1
mutation,397,1,500803,288002048,0,288002048,60049904,208507,10000.685,0,0,0,1
mutation,398,1,500805,288002048,0,288002048,60162752,208898,10000.705,0,0,0,1
mutation,399,1,500807,288002048,0,288002048,60104576,208696,10000.697,0,0,0,1
recovery,0,0,500807,288002048,60104576,288002048,95475632,122817,10000.725,0,0,0,1
recovery,1,0,500807,288002048,95475632,288002048,130744112,122460,10000.742,0,0,0,1
recovery,2,0,500807,288002048,130744112,288002048,166077680,122686,10000.767,0,0,0,1
recovery,3,0,500807,288002048,166077680,288002048,201429104,122748,10000.864,0,0,0,1
recovery,4,0,500807,288002048,201429104,288002048,236650928,122298,10000.703,0,0,0,1
recovery,5,0,500807,288002048,236650928,288002048,271868144,122282,10000.729,0,0,0,1
recovery,6,0,500807,288002048,271868144,288002048,288001280,56018,4571.054,0,1,0,1
summary,churn_every=1,mutation_iterations=400,arrived_during_mutation=0,scheduled_mutations=400,generation_resets=400,recovery_iterations=7,recovery_required=1,recovered_same_cursor=1,deep_reached=1,deep_target=288002048
