run_id,client_mappers,present_clients,store_mappers,total_mappers,total_present_mappers,mode,oversubscribed,range_bytes,samples,p50_us,p95_us,p99_us,max_us,mean_us,MiBps_at_p50,syscall_failures,backing_checks,backing_failures,zero_checks,zero_failures
r1_m64_p32_parked,64,32,1,65,33,parked,0,4194304,1024,1718.8,1754.9,1775.2,2307.5,1720.85,2327.1,0,1024,0,1,0
r1_m64_p32_parked,64,32,1,65,33,parked,0,16777216,1024,6787.5,6893.2,6954.1,7441.6,6787.03,2357.3,0,1024,0,1,0
r1_m64_p32_parked,64,32,1,65,33,parked,0,1048576,1024,459.3,483.2,493.1,543.6,459.93,2177.3,0,1024,0,1,0
r1_m0_p0_parked,0,0,1,1,1,parked,0,1048576,1024,60.6,68.0,73.8,238.0,61.73,16504.1,0,1024,0,1,0
r1_m0_p0_parked,0,0,1,1,1,parked,0,16777216,1024,1078.2,1115.0,1172.2,1417.5,1082.09,14839.6,0,1024,0,1,0
r1_m0_p0_parked,0,0,1,1,1,parked,0,4194304,1024,246.8,257.8,282.7,362.3,249.36,16209.6,0,1024,0,1,0
r1_m1_p1_parked,1,1,1,2,2,parked,0,4194304,1024,435.6,471.4,483.9,537.3,438.50,9183.1,0,1024,0,1,0
r1_m1_p1_parked,1,1,1,2,2,parked,0,1048576,1024,108.3,123.3,129.6,140.7,111.64,9236.9,0,1024,0,1,0
r1_m1_p1_parked,1,1,1,2,2,parked,0,16777216,1024,1814.0,1920.8,1982.1,2043.0,1815.53,8820.3,0,1024,0,1,0
r1_m64_p0_parked,64,0,1,65,1,parked,0,16777216,1024,1128.8,1198.3,1276.8,1496.0,1136.61,14174.6,0,1024,0,1,0
r1_m64_p0_parked,64,0,1,65,1,parked,0,4194304,1024,271.0,291.4,340.8,382.2,274.51,14762.0,0,1024,0,1,0
r1_m64_p0_parked,64,0,1,65,1,parked,0,1048576,1024,69.5,75.5,80.6,151.6,70.05,14391.6,0,1024,0,1,0
r1_m8_p8_parked,8,8,1,9,9,parked,0,4194304,1024,747.6,772.8,795.5,867.8,749.23,5350.6,0,1024,0,1,0
r1_m8_p8_parked,8,8,1,9,9,parked,0,1048576,1024,187.3,201.4,209.0,234.0,188.66,5338.8,0,1024,0,1,0
r1_m8_p8_parked,8,8,1,9,9,parked,0,16777216,1024,2953.0,3006.5,3052.4,3114.2,2956.96,5418.2,0,1024,0,1,0
r1_m8_p8_active,8,8,1,9,9,active,0,4194304,1024,769.1,801.1,815.8,863.2,771.38,5201.0,0,1024,0,1,0
r1_m8_p8_active,8,8,1,9,9,active,0,1048576,1024,207.6,228.9,237.1,268.2,209.85,4817.0,0,1024,0,1,0
r1_m8_p8_active,8,8,1,9,9,active,0,16777216,1024,3027.4,3097.5,3128.6,4405.7,3033.20,5285.1,0,1024,0,1,0
r1_m64_p64_parked,64,64,1,65,65,parked,0,4194304,1024,2970.6,3013.4,3036.1,3113.8,2969.74,1346.5,0,1024,0,1,0
r1_m64_p64_parked,64,64,1,65,65,parked,0,16777216,1024,11765.1,11915.0,12018.2,13340.0,11765.94,1360.0,0,1024,0,1,0
r1_m64_p64_parked,64,64,1,65,65,parked,0,1048576,1024,780.9,804.9,821.4,921.4,780.40,1280.6,0,1024,0,1,0
r1_m128_p0_parked,128,0,1,129,1,parked,0,4194304,1024,282.7,299.3,331.1,389.6,285.77,14151.4,0,1024,0,1,0
r1_m128_p0_parked,128,0,1,129,1,parked,0,1048576,1024,75.7,84.3,88.3,129.3,76.82,13207.4,0,1024,0,1,0
r1_m128_p0_parked,128,0,1,129,1,parked,0,16777216,1024,1136.4,1238.1,1291.8,1506.4,1147.55,14080.1,0,1024,0,1,0
r1_m1_p1_active,1,1,1,2,2,active,0,4194304,1024,448.1,464.4,472.6,521.7,449.00,8926.3,0,1024,0,1,0
r1_m1_p1_active,1,1,1,2,2,active,0,16777216,1024,1872.6,1897.0,1918.3,2085.5,1861.51,8544.5,0,1024,0,1,0
r1_m1_p1_active,1,1,1,2,2,active,0,1048576,1024,111.9,119.8,125.7,136.3,113.12,8933.3,0,1024,0,1,0
r1_m256_p0_parked,256,0,1,257,1,parked,0,4194304,1024,311.2,365.6,398.6,591.6,321.40,12852.2,0,1024,0,1,0
r1_m256_p0_parked,256,0,1,257,1,parked,0,1048576,1024,99.8,109.1,112.7,221.2,100.74,10022.9,0,1024,0,1,0
r1_m256_p0_parked,256,0,1,257,1,parked,0,16777216,1024,1163.8,1236.5,1272.1,1483.4,1177.38,13747.7,0,1024,0,1,0
r1_m64_p1_parked,64,1,1,65,2,parked,0,4194304,1024,476.5,512.0,554.3,774.7,476.84,8394.9,0,1024,0,1,0
r1_m64_p1_parked,64,1,1,65,2,parked,0,16777216,1024,1857.1,1968.0,2029.0,2078.4,1867.34,8615.5,0,1024,0,1,0
r1_m64_p1_parked,64,1,1,65,2,parked,0,1048576,1024,121.2,136.1,146.6,174.2,122.71,8249.4,0,1024,0,1,0
r1_m32_p32_parked,32,32,1,33,33,parked,0,4194304,1024,1714.3,1754.1,1799.8,2358.2,1717.57,2333.3,0,1024,0,1,0
r1_m32_p32_parked,32,32,1,33,33,parked,0,16777216,1024,6819.4,6901.6,6953.0,7672.5,6819.46,2346.2,0,1024,0,1,0
r1_m32_p32_parked,32,32,1,33,33,parked,0,1048576,1024,445.3,469.5,480.8,491.9,446.31,2245.6,0,1024,0,1,0
r2_m128_p0_parked,128,0,1,129,1,parked,0,16777216,1024,1143.9,1253.3,1292.7,1648.6,1156.34,13987.0,0,1024,0,1,0
r2_m128_p0_parked,128,0,1,129,1,parked,0,4194304,1024,278.4,297.5,352.2,466.6,283.14,14367.9,0,1024,0,1,0
r2_m128_p0_parked,128,0,1,129,1,parked,0,1048576,1024,75.9,84.6,92.0,196.3,77.37,13182.7,0,1024,0,1,0
r2_m64_p64_parked,64,64,1,65,65,parked,0,4194304,1024,2974.3,3015.9,3113.8,4265.9,2982.31,1344.8,0,1024,0,1,0
r2_m64_p64_parked,64,64,1,65,65,parked,0,1048576,1024,779.8,802.4,825.3,1070.8,779.42,1282.4,0,1024,0,1,0
r2_m64_p64_parked,64,64,1,65,65,parked,0,16777216,1024,11774.5,11956.3,12527.7,16927.6,11812.74,1358.9,0,1024,0,1,0
r2_m256_p0_parked,256,0,1,257,1,parked,0,16777216,1024,1159.2,1219.7,1286.6,1583.0,1167.04,13803.1,0,1024,0,1,0
r2_m256_p0_parked,256,0,1,257,1,parked,0,1048576,1024,96.8,105.3,109.0,139.4,97.67,10327.2,0,1024,0,1,0
r2_m256_p0_parked,256,0,1,257,1,parked,0,4194304,1024,299.1,340.9,501.2,514.1,308.62,13372.7,0,1024,0,1,0
r2_m64_p0_parked,64,0,1,65,1,parked,0,16777216,1024,1125.5,1196.2,1278.9,1410.1,1133.70,14216.2,0,1024,0,1,0
r2_m64_p0_parked,64,0,1,65,1,parked,0,1048576,1024,69.1,77.6,87.3,173.9,70.36,14462.2,0,1024,0,1,0
r2_m64_p0_parked,64,0,1,65,1,parked,0,4194304,1024,267.8,283.0,345.0,455.3,271.23,14937.7,0,1024,0,1,0
r2_m1_p1_active,1,1,1,2,2,active,0,16777216,1024,1874.1,1914.8,1950.3,2825.5,1867.54,8537.3,0,1024,0,1,0
r2_m1_p1_active,1,1,1,2,2,active,0,1048576,1024,113.6,121.1,130.2,165.7,114.20,8806.1,0,1024,0,1,0
r2_m1_p1_active,1,1,1,2,2,active,0,4194304,1024,441.1,456.2,466.2,575.1,443.42,9069.1,0,1024,0,1,0
r2_m64_p32_parked,64,32,1,65,33,parked,0,1048576,1024,459.7,481.1,493.5,520.6,460.46,2175.3,0,1024,0,1,0
r2_m64_p32_parked,64,32,1,65,33,parked,0,4194304,1024,1709.1,1746.3,1767.1,2363.2,1710.90,2340.4,0,1024,0,1,0
r2_m64_p32_parked,64,32,1,65,33,parked,0,16777216,1024,6791.2,6892.1,6956.6,8311.0,6790.89,2356.0,0,1024,0,1,0
r2_m32_p32_parked,32,32,1,33,33,parked,0,1048576,1024,451.3,473.2,488.0,616.9,451.68,2215.8,0,1024,0,1,0
r2_m32_p32_parked,32,32,1,33,33,parked,0,4194304,1024,1708.8,1751.0,1768.0,1845.2,1710.90,2340.8,0,1024,0,1,0
r2_m32_p32_parked,32,32,1,33,33,parked,0,16777216,1024,6804.9,6886.2,6938.4,7031.7,6804.69,2351.2,0,1024,0,1,0
r2_m0_p0_parked,0,0,1,1,1,parked,0,4194304,1024,252.3,270.0,411.6,462.7,257.96,15856.3,0,1024,0,1,0
r2_m0_p0_parked,0,0,1,1,1,parked,0,16777216,1024,1069.7,1112.6,1172.1,1457.8,1076.13,14957.6,0,1024,0,1,0
r2_m0_p0_parked,0,0,1,1,1,parked,0,1048576,1024,60.4,66.8,75.6,118.6,61.34,16567.3,0,1024,0,1,0
r2_m1_p1_parked,1,1,1,2,2,parked,0,4194304,1024,434.1,455.9,481.5,498.4,435.77,9215.3,0,1024,0,1,0
r2_m1_p1_parked,1,1,1,2,2,parked,0,16777216,1024,1810.1,1855.3,1954.9,2046.9,1807.33,8839.2,0,1024,0,1,0
r2_m1_p1_parked,1,1,1,2,2,parked,0,1048576,1024,106.2,122.5,129.4,135.8,110.73,9417.7,0,1024,0,1,0
r2_m8_p8_active,8,8,1,9,9,active,0,1048576,1024,212.7,236.4,245.6,258.0,215.78,4702.0,0,1024,0,1,0
r2_m8_p8_active,8,8,1,9,9,active,0,4194304,1024,765.6,805.1,820.5,847.4,768.76,5224.3,0,1024,0,1,0
r2_m8_p8_active,8,8,1,9,9,active,0,16777216,1024,3024.7,3117.6,3173.5,3513.0,3033.88,5289.9,0,1024,0,1,0
r2_m64_p1_parked,64,1,1,65,2,parked,0,4194304,1024,472.9,505.5,516.8,715.9,473.26,8458.6,0,1024,0,1,0
r2_m64_p1_parked,64,1,1,65,2,parked,0,1048576,1024,123.4,136.3,149.0,181.9,124.27,8101.5,0,1024,0,1,0
r2_m64_p1_parked,64,1,1,65,2,parked,0,16777216,1024,1849.5,1968.3,2029.1,2298.2,1863.88,8650.9,0,1024,0,1,0
r2_m8_p8_parked,8,8,1,9,9,parked,0,1048576,1024,191.1,205.9,218.4,303.3,192.74,5233.4,0,1024,0,1,0
r2_m8_p8_parked,8,8,1,9,9,parked,0,16777216,1024,2968.6,3036.9,3093.8,4228.5,2977.19,5389.7,0,1024,0,1,0
r2_m8_p8_parked,8,8,1,9,9,parked,0,4194304,1024,732.2,759.8,792.8,1128.2,736.12,5462.7,0,1024,0,1,0
r3_m256_p0_parked,256,0,1,257,1,parked,0,16777216,1024,1165.5,1242.1,1356.9,2015.2,1175.64,13728.2,0,1024,0,1,0
r3_m256_p0_parked,256,0,1,257,1,parked,0,4194304,1024,305.5,353.6,370.4,553.5,311.67,13093.3,0,1024,0,1,0
r3_m256_p0_parked,256,0,1,257,1,parked,0,1048576,1024,100.6,110.0,131.9,221.4,101.99,9940.9,0,1024,0,1,0
r3_m8_p8_active,8,8,1,9,9,active,0,1048576,1024,210.6,233.6,245.4,304.7,213.52,4748.1,0,1024,0,1,0
r3_m8_p8_active,8,8,1,9,9,active,0,16777216,1024,3026.7,3115.3,3152.2,4420.5,3037.34,5286.3,0,1024,0,1,0
r3_m8_p8_active,8,8,1,9,9,active,0,4194304,1024,757.4,798.3,815.0,838.2,762.09,5281.3,0,1024,0,1,0
r3_m8_p8_parked,8,8,1,9,9,parked,0,1048576,1024,193.4,209.2,216.7,228.9,194.94,5169.6,0,1024,0,1,0
r3_m8_p8_parked,8,8,1,9,9,parked,0,16777216,1024,2973.0,3046.0,3083.3,3145.0,2978.85,5381.9,0,1024,0,1,0
r3_m8_p8_parked,8,8,1,9,9,parked,0,4194304,1024,732.1,757.2,774.9,849.2,734.11,5463.6,0,1024,0,1,0
r3_m64_p1_parked,64,1,1,65,2,parked,0,16777216,1024,1857.8,1973.5,2038.9,2083.9,1870.82,8612.1,0,1024,0,1,0
r3_m64_p1_parked,64,1,1,65,2,parked,0,4194304,1024,466.6,495.4,514.0,569.0,466.95,8573.4,0,1024,0,1,0
r3_m64_p1_parked,64,1,1,65,2,parked,0,1048576,1024,124.3,135.7,144.4,184.7,124.31,8048.1,0,1024,0,1,0
r3_m64_p32_parked,64,32,1,65,33,parked,0,4194304,1024,1716.6,1753.8,1780.1,1849.1,1717.45,2330.3,0,1024,0,1,0
r3_m64_p32_parked,64,32,1,65,33,parked,0,16777216,1024,6787.4,6893.3,6954.2,9281.2,6790.42,2357.3,0,1024,0,1,0
r3_m64_p32_parked,64,32,1,65,33,parked,0,1048576,1024,458.8,481.9,494.1,517.6,458.86,2179.8,0,1024,0,1,0
r3_m64_p64_parked,64,64,1,65,65,parked,0,16777216,1024,11775.5,11938.0,12010.9,13688.3,11780.54,1358.7,0,1024,0,1,0
r3_m64_p64_parked,64,64,1,65,65,parked,0,4194304,1024,2956.7,2997.0,3015.4,3243.9,2956.37,1352.9,0,1024,0,1,0
r3_m64_p64_parked,64,64,1,65,65,parked,0,1048576,1024,781.4,807.4,824.3,972.4,781.33,1279.8,0,1024,0,1,0
r3_m128_p0_parked,128,0,1,129,1,parked,0,16777216,1024,1141.9,1247.1,1319.9,1836.8,1154.96,14011.3,0,1024,0,1,0
r3_m128_p0_parked,128,0,1,129,1,parked,0,4194304,1024,275.1,292.0,309.8,472.1,278.32,14540.7,0,1024,0,1,0
r3_m128_p0_parked,128,0,1,129,1,parked,0,1048576,1024,74.1,83.1,86.9,114.6,74.97,13499.6,0,1024,0,1,0
r3_m0_p0_parked,0,0,1,1,1,parked,0,1048576,1024,60.8,66.9,77.6,262.0,62.00,16440.1,0,1024,0,1,0
r3_m0_p0_parked,0,0,1,1,1,parked,0,16777216,1024,1073.7,1105.2,1155.4,1424.5,1077.36,14901.7,0,1024,0,1,0
r3_m0_p0_parked,0,0,1,1,1,parked,0,4194304,1024,245.6,260.4,287.1,352.4,248.97,16284.5,0,1024,0,1,0
r3_m1_p1_parked,1,1,1,2,2,parked,0,4194304,1024,433.9,465.3,481.4,488.4,436.98,9217.7,0,1024,0,1,0
r3_m1_p1_parked,1,1,1,2,2,parked,0,16777216,1024,1805.3,1873.8,1945.8,2010.3,1801.75,8862.9,0,1024,0,1,0
r3_m1_p1_parked,1,1,1,2,2,parked,0,1048576,1024,108.4,121.6,127.3,135.0,110.75,9227.9,0,1024,0,1,0
r3_m1_p1_active,1,1,1,2,2,active,0,1048576,1024,114.1,123.1,129.1,133.3,115.30,8764.7,0,1024,0,1,0
r3_m1_p1_active,1,1,1,2,2,active,0,4194304,1024,448.2,464.6,472.2,577.5,449.27,8925.2,0,1024,0,1,0
r3_m1_p1_active,1,1,1,2,2,active,0,16777216,1024,1874.7,1909.5,1957.3,2792.6,1866.09,8534.5,0,1024,0,1,0
r3_m32_p32_parked,32,32,1,33,33,parked,0,4194304,1024,1716.4,1756.5,1775.2,2403.7,1719.16,2330.5,0,1024,0,1,0
r3_m32_p32_parked,32,32,1,33,33,parked,0,16777216,1024,6791.3,6872.4,6928.1,7001.8,6791.26,2356.0,0,1024,0,1,0
r3_m32_p32_parked,32,32,1,33,33,parked,0,1048576,1024,445.3,470.8,482.6,506.4,446.95,2245.6,0,1024,0,1,0
r3_m64_p0_parked,64,0,1,65,1,parked,0,1048576,1024,70.0,79.3,85.6,143.8,71.19,14280.0,0,1024,0,1,0
r3_m64_p0_parked,64,0,1,65,1,parked,0,4194304,1024,272.6,289.5,321.5,424.4,274.13,14670.9,0,1024,0,1,0
r3_m64_p0_parked,64,0,1,65,1,parked,0,16777216,1024,1129.5,1216.3,1288.8,1810.6,1139.63,14165.3,0,1024,0,1,0
